hazard_key,curve_units,road_curve_anchor_values,current_data_layer_or_factor,overlay_columns_or_contract,current_data_units_or_semantics,current_gab_2024_08_01_to_2024_10_31_range,data_match_status,proposed_model_status,proposed_threshold_csv_factor,proposed_threshold_values,required_change_before_modeling,audit_caveat
landslide_rainfall_24h,mm_per_24h,speed_loss_onset=140; partial_damage_onset=250; unusable_or_closure=300,none in current overlay,no matching columns,,,blocked,defer,,,Enable landslide_susceptibility and derive 24h or event rainfall on susceptible slopes.,"Use as rainfall -> landslide probability or blockage proxy, not as direct rain destroys road."
extreme_rainfall_paved,mm_per_hour,speed_loss_onset=6.35; partial_damage_onset=20; unusable_or_closure_proxy=78.8,chirps_weekly_mm; era5_tp_weekly_sum exists but is not an intensity contract,chirps_week_YYYY_MM_DD_mm,"weekly precipitation sum from daily CHIRPS, mm/week",min=0; p50=15.38; p95=94.12; max=179.21 mm/week,partial_temporal_mismatch,do_not_activate_as_audited_curve_yet,chirps_weekly_mm_pending,Current weekly proxy values 60/150/300 mm are not audited mm/h anchors.,"Derive daily/event intensity columns, or explicitly approve a weekly accumulation proxy.",6.35 mm/h supports speed/capacity reduction; 78.8 mm/h is not a universal closure threshold.
extreme_rainfall_unpaved,mm_per_hour_or_event_mm,speed_loss_onset=5 mm/h or 3-6 mm event; partial_damage_onset=10 mm event; severe_erosion_domain=134 mm/h,chirps_weekly_mm; daily CHIRPS source exists before aggregation,chirps_week_YYYY_MM_DD_mm,"weekly precipitation sum from daily CHIRPS, mm/week",min=0; p50=15.38; p95=94.12; max=179.21 mm/week,partial_temporal_mismatch,do_not_activate_as_audited_curve_yet,chirps_daily_or_event_metric_pending,,"Add max-daily/event-depth or short-duration intensity metric, with surface and slope/soil conditioning.","Unpaved-road damage depends on slope, soil, drainage, and traffic loading; high-intensity erosion tests are not universal closure thresholds."
flood_depth,m,speed_loss_onset=0.01; partial_damage_onset=0.10; unusable_or_closure=0.30,flood_weekly currently samples Copernicus GFM flood extent,flood_week_YYYY_MM_DD,"flood extent / raster positive value, not confirmed water depth in meters",min=0; p50=0; p95=0; max=0; positive_roads=0,semantic_mismatch,defer_depth_curve_or_approve_binary_flood_proxy,flood_weekly_pending,,"Use an actual flood-depth raster, or explicitly approve GFM extent as a binary operational closure proxy.","Pregnolato/Kramer thresholds require standing-water depth; 0.30 m is passenger-vehicle closure, not 0.20 m hard closure."
extreme_heat_pavement,celsius_pavement_surface,monitor_or_speed_loss_onset=45; partial_damage_onset=50; serviceability_failure=60-75,era5_skt_weekly_max,era5_skt_week_YYYY_MM_DD_max -> era5_skt_weekly_max,"ERA5 skin temperature in K, converted to C by accessibility code; proxy for pavement surface, not asphalt-specific measurement",min=25.79 C; p50=31.99 C; p95=35.30 C; max=43.65 C,partial_proxy_match,approve_for_diagnostic_or_speed_only_low_risk,era5_skt_weekly_max,minor=45; moderate=50; severe=65; catastrophic=75 pending,Confirm whether heat should use current speed-only penalties or wait for a damage-only/rutting layer.,Do not claim >50 C is a direct traffic-speed threshold; use it for rutting/damage.
drought_expansive_subgrade,kpa_matric_suction,speed_loss_onset_proxy=700; cracking_onset=1500; serviceability_failure_proxy=2000-2500,era5_swvl1_weekly_mean only,era5_swvl1_week_YYYY_MM_DD_mean,"volumetric soil water fraction, not matric suction",min=0.047; p50=0.357; p95=0.478; max=0.504,blocked_unit_mismatch,defer,,,"Need expansive-soil mask plus suction/moisture transform, or keep SPI/soil moisture as contextual diagnostics.",Drought speed reduction is not source-backed directly; use dust or roughness after damage if needed.
dust_visibility,m_visibility_lte,speed_loss_onset=1000; surface_burial_or_skid_proxy=500; closure=50,cams_pm10_weekly_max; cams_pm2p5_weekly_max; cams_duaod550_weekly_max,cams_pm10_week_YYYY_MM_DD_max; cams_pm2p5_week_YYYY_MM_DD_max; cams_duaod550_week_YYYY_MM_DD_max,"PM/AOD proxy, not visibility; CAMS present in artifact but disabled in current config",pm10_max=1.48e-08..4.29e-07; duaod550_max=0.00136..0.10765,partial_proxy_mismatch,defer_or_diagnostic,,,Need visibility product or calibrated PM/AOD-to-visibility transform before using visibility thresholds.,"Use for operational visibility/speed; road damage only through deposition, skid loss, or burial proxy."
wind_crosswind,m_per_s,speed_loss_or_restriction=20; serious_operational_risk=23-30; treefall_or_closure_proxy=42-45,era5_wind_speed_weekly_max,era5_wind_speed_week_YYYY_MM_DD_max -> era5_wind_speed_weekly_max,"ERA5 10m scalar wind speed max, not gust and not road-orientation crosswind",min=0.93; p50=2.88; p95=6.94; max=8.77 m/s,partial_proxy_match,approve_as_operational_restriction_only,era5_wind_speed_weekly_max,minor=20; moderate=30; severe=42; catastrophic=45 pending,Decide whether 42/45 m/s should trigger closures in the current model or stay as diagnostics.,Do not describe wind as pavement damage; 42 m/s tree breakage is contested and only a weak blockage proxy.
urban_runoff,mm_per_hour_or_flood_depth,nuisance_ponding_reference=20; 36 and 78.8 are non-transferable references,none direct; rainfall and flood extent are available,no pluvial depth or hydraulic model columns,,,blocked,defer,,,Use rainfall -> hydraulic/pluvial model -> flood depth -> flood depth curve.,Do not use 36 mm/h or 78.8 mm/h as universal thresholds.
